{
  "fx": 342.20547801426693,
  "fy": 345.2746943557802,
  "cx": 302.77922896004577,
  "cy": 256.95587959764543,
  "dist_coeffs": [
    -0.07366121724330349,
    0.049269437455008225,
    -0.0012232091476806453,
    0.0037620309353438883,
    -0.012587914820412814
  ],
  "image_width": 640,
  "image_height": 480,
  "rms": 2.502271027877135
}