{
  "R_base_cam": [
    [
      0.17824685763640497,
      0.5083738455942746,
      -0.8424868490715068
    ],
    [
      0.28761054248481116,
      0.7918900732601811,
      0.5386931294564447
    ],
    [
      0.9410144704489617,
      -0.3383284572537076,
      -0.005061760364369117
    ]
  ],
  "t_base_cam": [
    -149.02463206945822,
    -48.74070449958448,
    402.5792973719759
  ]
}